date,city,temperature
10/1/2011,New York,63.4
10/1/2011,San Francisco,62.7
10/1/2011,Austin,72.2
10/2/2011,New York,58
10/2/2011,San Francisco,59.9
10/2/2011,Austin,67.7
10/3/2011,New York,53.3
10/3/2011,San Francisco,59.1
10/3/2011,Austin,69.4
10/4/2011,New York,55.7
10/4/2011,San Francisco,58.8
10/4/2011,Austin,68
10/5/2011,New York,64.2
10/5/2011,San Francisco,58.7
10/5/2011,Austin,72.4
10/6/2011,New York,58.8
10/6/2011,San Francisco,57
10/6/2011,Austin,77
10/7/2011,New York,57.9
10/7/2011,San Francisco,56.7
10/7/2011,Austin,82.3
10/8/2011,New York,61.8
10/8/2011,San Francisco,56.8
10/8/2011,Austin,78.9
10/9/2011,New York,69.3
10/9/2011,San Francisco,56.7
10/9/2011,Austin,68.8
10/10/2011,New York,71.2
10/10/2011,San Francisco,60.1
10/10/2011,Austin,68.7
10/11/2011,New York,68.7
10/11/2011,San Francisco,61.1
10/11/2011,Austin,70.3
10/12/2011,New York,61.8
10/12/2011,San Francisco,61.5
10/12/2011,Austin,75.3
10/13/2011,New York,63
10/13/2011,San Francisco,64.3
10/13/2011,Austin,76.6
10/14/2011,New York,66.9
10/14/2011,San Francisco,67.1
10/14/2011,Austin,66.6
10/15/2011,New York,61.7
10/15/2011,San Francisco,64.6
10/15/2011,Austin,68
10/16/2011,New York,61.8
10/16/2011,San Francisco,61.6
10/16/2011,Austin,70.6
10/17/2011,New York,62.8
10/17/2011,San Francisco,61.1
10/17/2011,Austin,71.1
10/18/2011,New York,60.8
10/18/2011,San Francisco,59.2
10/18/2011,Austin,70
10/19/2011,New York,62.1
10/19/2011,San Francisco,58.9
10/19/2011,Austin,61.6
10/20/2011,New York,65.1
10/20/2011,San Francisco,57.2
10/20/2011,Austin,57.4
10/21/2011,New York,55.6
10/21/2011,San Francisco,56.4
10/21/2011,Austin,64.3
10/22/2011,New York,54.4
10/22/2011,San Francisco,60.7
10/22/2011,Austin,72.4
10/23/2011,New York,54.4
10/23/2011,San Francisco,65.1
10/23/2011,Austin,72.4
10/24/2011,New York,54.8
10/24/2011,San Francisco,60.9
10/24/2011,Austin,72.5
10/25/2011,New York,57.9
10/25/2011,San Francisco,56.1
10/25/2011,Austin,72.7
10/26/2011,New York,54.6
10/26/2011,San Francisco,54.6
10/26/2011,Austin,73.4
10/27/2011,New York,54.4
10/27/2011,San Francisco,56.1
10/27/2011,Austin,70.7
10/28/2011,New York,42.5
10/28/2011,San Francisco,58.1
10/28/2011,Austin,56.8
10/29/2011,New York,40.9
10/29/2011,San Francisco,57.5
10/29/2011,Austin,51
10/30/2011,New York,38.6
10/30/2011,San Francisco,57.7
10/30/2011,Austin,54.9
10/31/2011,New York,44.2
10/31/2011,San Francisco,55.1
10/31/2011,Austin,58.8
11/1/2011,New York,49.6
11/1/2011,San Francisco,57.9
11/1/2011,Austin,62.6
11/2/2011,New York,47.2
11/2/2011,San Francisco,64.6
11/2/2011,Austin,71
11/3/2011,New York,50.1
11/3/2011,San Francisco,56.2
11/3/2011,Austin,58.4
11/4/2011,New York,50.1
11/4/2011,San Francisco,50.5
11/4/2011,Austin,45.1
11/5/2011,New York,43.5
11/5/2011,San Francisco,51.3
11/5/2011,Austin,52.2
11/6/2011,New York,43.8
11/6/2011,San Francisco,52.6
11/6/2011,Austin,73
11/7/2011,New York,48.9
11/7/2011,San Francisco,51.4
11/7/2011,Austin,75.4
11/8/2011,New York,55.5
11/8/2011,San Francisco,50.6
11/8/2011,Austin,72.1
11/9/2011,New York,53.7
11/9/2011,San Francisco,54.6
11/9/2011,Austin,56.6
11/10/2011,New York,57.7
11/10/2011,San Francisco,55.6
11/10/2011,Austin,55.4
11/11/2011,New York,48.5
11/11/2011,San Francisco,53.9
11/11/2011,Austin,46.7
11/12/2011,New York,46.8
11/12/2011,San Francisco,54
11/12/2011,Austin,62
11/13/2011,New York,51.1
11/13/2011,San Francisco,53.8
11/13/2011,Austin,71.6
11/14/2011,New York,56.8
11/14/2011,San Francisco,53.5
11/14/2011,Austin,75.5
11/15/2011,New York,59.7
11/15/2011,San Francisco,53.4
11/15/2011,Austin,72.1
11/16/2011,New York,56.5
11/16/2011,San Francisco,52.2
11/16/2011,Austin,65.7
11/17/2011,New York,49.6
11/17/2011,San Francisco,52.7
11/17/2011,Austin,56.8
11/18/2011,New York,41.5
11/18/2011,San Francisco,53.1
11/18/2011,Austin,49.9
11/19/2011,New York,44.3
11/19/2011,San Francisco,49
11/19/2011,Austin,71.7
11/20/2011,New York,54
11/20/2011,San Francisco,50.4
11/20/2011,Austin,77.7
11/21/2011,New York,54.1
11/21/2011,San Francisco,51.1
11/21/2011,Austin,76.4
11/22/2011,New York,49.4
11/22/2011,San Francisco,52.3
11/22/2011,Austin,68.8
11/23/2011,New York,50
11/23/2011,San Francisco,54.6
11/23/2011,Austin,57
11/24/2011,New York,44
11/24/2011,San Francisco,55.1
11/24/2011,Austin,55.5
11/25/2011,New York,50.3
11/25/2011,San Francisco,51.5
11/25/2011,Austin,61.6
11/26/2011,New York,52.1
11/26/2011,San Francisco,53.6
11/26/2011,Austin,64.1
11/27/2011,New York,49.6
11/27/2011,San Francisco,52.3
11/27/2011,Austin,51.1
11/28/2011,New York,57.2
11/28/2011,San Francisco,51
11/28/2011,Austin,43
11/29/2011,New York,59.1
11/29/2011,San Francisco,49.5
11/29/2011,Austin,46.4
11/30/2011,New York,50.6
11/30/2011,San Francisco,49.8
11/30/2011,Austin,48
12/1/2011,New York,44.3
12/1/2011,San Francisco,60.4
12/1/2011,Austin,48.1
12/2/2011,New York,43.9
12/2/2011,San Francisco,62.2
12/2/2011,Austin,60.6
12/3/2011,New York,42.1
12/3/2011,San Francisco,58.3
12/3/2011,Austin,62.6
12/4/2011,New York,43.9
12/4/2011,San Francisco,52.7
12/4/2011,Austin,57.1
12/5/2011,New York,50.2
12/5/2011,San Francisco,51.5
12/5/2011,Austin,44.2
12/6/2011,New York,54.2
12/6/2011,San Francisco,49.9
12/6/2011,Austin,37.4
12/7/2011,New York,54.6
12/7/2011,San Francisco,48.6
12/7/2011,Austin,35
12/8/2011,New York,43.4
12/8/2011,San Francisco,46.4
12/8/2011,Austin,37
12/9/2011,New York,42.2
12/9/2011,San Francisco,49.8
12/9/2011,Austin,45.4
12/10/2011,New York,45
12/10/2011,San Francisco,52.1
12/10/2011,Austin,50.7
12/11/2011,New York,33.8
12/11/2011,San Francisco,48.8
12/11/2011,Austin,48.6
12/12/2011,New York,36.8
12/12/2011,San Francisco,47.4
12/12/2011,Austin,52.2
12/13/2011,New York,38.6
12/13/2011,San Francisco,47.2
12/13/2011,Austin,60.8
12/14/2011,New York,41.9
12/14/2011,San Francisco,46.1
12/14/2011,Austin,70
12/15/2011,New York,49.6
12/15/2011,San Francisco,48.8
12/15/2011,Austin,64.2
12/16/2011,New York,50.2
12/16/2011,San Francisco,47.9
12/16/2011,Austin,50.9
12/17/2011,New York,40.6
12/17/2011,San Francisco,49.8
12/17/2011,Austin,51.6
12/18/2011,New York,29.1
12/18/2011,San Francisco,49.1
12/18/2011,Austin,55.2
12/19/2011,New York,33.7
12/19/2011,San Francisco,48.3
12/19/2011,Austin,62.1
12/20/2011,New York,45.8
12/20/2011,San Francisco,49.3
12/20/2011,Austin,56.3
12/21/2011,New York,47.4
12/21/2011,San Francisco,48.4
12/21/2011,Austin,47.2
12/22/2011,New York,54.4
12/22/2011,San Francisco,53.3
12/22/2011,Austin,52.3
12/23/2011,New York,47.8
12/23/2011,San Francisco,47.5
12/23/2011,Austin,45.2
12/24/2011,New York,34.9
12/24/2011,San Francisco,47.9
12/24/2011,Austin,43.6
12/25/2011,New York,35.9
12/25/2011,San Francisco,48.9
12/25/2011,Austin,42.9
12/26/2011,New York,43.6
12/26/2011,San Francisco,45.9
12/26/2011,Austin,48.2
12/27/2011,New York,42.9
12/27/2011,San Francisco,47.2
12/27/2011,Austin,45.4
12/28/2011,New York,46.2
12/28/2011,San Francisco,48.9
12/28/2011,Austin,44.2
12/29/2011,New York,30.8
12/29/2011,San Francisco,50.9
12/29/2011,Austin,50.4
12/30/2011,New York,40.8
12/30/2011,San Francisco,52.9
12/30/2011,Austin,52.4
12/31/2011,New York,49.8
12/31/2011,San Francisco,50.1
12/31/2011,Austin,53.5
1/1/2012,New York,46.3
1/1/2012,San Francisco,53.9
1/1/2012,Austin,55.9
1/2/2012,New York,43.2
1/2/2012,San Francisco,53.1
1/2/2012,Austin,48.2
1/3/2012,New York,30.3
1/3/2012,San Francisco,49.7
1/3/2012,Austin,41
1/4/2012,New York,19.2
1/4/2012,San Francisco,52.7
1/4/2012,Austin,48.9
1/5/2012,New York,32.1
1/5/2012,San Francisco,52.6
1/5/2012,Austin,54.8
1/6/2012,New York,41.2
1/6/2012,San Francisco,49
1/6/2012,Austin,61.2
1/7/2012,New York,47
1/7/2012,San Francisco,51
1/7/2012,Austin,59.7
1/8/2012,New York,46
1/8/2012,San Francisco,56.8
1/8/2012,Austin,52.5
1/9/2012,New York,34.7
1/9/2012,San Francisco,52.3
1/9/2012,Austin,54
1/10/2012,New York,39.4
1/10/2012,San Francisco,51.6
1/10/2012,Austin,47.7
1/11/2012,New York,40.4
1/11/2012,San Francisco,49.8
1/11/2012,Austin,49.2
1/12/2012,New York,45.4
1/12/2012,San Francisco,51.9
1/12/2012,Austin,48.4
1/13/2012,New York,40.7
1/13/2012,San Francisco,53.7
1/13/2012,Austin,40.2
1/14/2012,New York,30.4
1/14/2012,San Francisco,52.9
1/14/2012,Austin,43.9
1/15/2012,New York,23.9
1/15/2012,San Francisco,49.7
1/15/2012,Austin,45.2
1/16/2012,New York,22.6
1/16/2012,San Francisco,45.3
1/16/2012,Austin,65
1/17/2012,New York,39.8
1/17/2012,San Francisco,43.6
1/17/2012,Austin,68.2
1/18/2012,New York,43.2
1/18/2012,San Francisco,45
1/18/2012,Austin,47.5
1/19/2012,New York,26.3
1/19/2012,San Francisco,47.3
1/19/2012,Austin,57.1
1/20/2012,New York,32.8
1/20/2012,San Francisco,51.4
1/20/2012,Austin,61.9
1/21/2012,New York,27.4
1/21/2012,San Francisco,53.7
1/21/2012,Austin,54.6
1/22/2012,New York,25
1/22/2012,San Francisco,48.3
1/22/2012,Austin,56.7
1/23/2012,New York,39.4
1/23/2012,San Francisco,52.9
1/23/2012,Austin,54.4
1/24/2012,New York,48.7
1/24/2012,San Francisco,49.1
1/24/2012,Austin,52.7
1/25/2012,New York,43
1/25/2012,San Francisco,52.1
1/25/2012,Austin,61.8
1/26/2012,New York,37.1
1/26/2012,San Francisco,53.6
1/26/2012,Austin,55
1/27/2012,New York,48.2
1/27/2012,San Francisco,50.4
1/27/2012,Austin,50.7
1/28/2012,New York,43.7
1/28/2012,San Francisco,50.3
1/28/2012,Austin,52.9
1/29/2012,New York,40.1
1/29/2012,San Francisco,53.8
1/29/2012,Austin,44.4
1/30/2012,New York,38
1/30/2012,San Francisco,51.9
1/30/2012,Austin,49.1
1/31/2012,New York,43.5
1/31/2012,San Francisco,50
1/31/2012,Austin,62.8
2/1/2012,New York,50.4
2/1/2012,San Francisco,50
2/1/2012,Austin,64.6
2/2/2012,New York,45.8
2/2/2012,San Francisco,51.3
2/2/2012,Austin,61.1
2/3/2012,New York,37.5
2/3/2012,San Francisco,51.5
2/3/2012,Austin,70
2/4/2012,New York,40.8
2/4/2012,San Francisco,52
2/4/2012,Austin,61.3
2/5/2012,New York,36.5
2/5/2012,San Francisco,53.8
2/5/2012,Austin,48.2
2/6/2012,New York,39.1
2/6/2012,San Francisco,54.6
2/6/2012,Austin,44.2
2/7/2012,New York,43.2
2/7/2012,San Francisco,54.3
2/7/2012,Austin,51.3
2/8/2012,New York,36.5
2/8/2012,San Francisco,51.9
2/8/2012,Austin,49.2
2/9/2012,New York,36.5
2/9/2012,San Francisco,53.8
2/9/2012,Austin,45.7
2/10/2012,New York,38.3
2/10/2012,San Francisco,53.9
2/10/2012,Austin,54.1
2/11/2012,New York,36.9
2/11/2012,San Francisco,52.3
2/11/2012,Austin,44.9
2/12/2012,New York,29.7
2/12/2012,San Francisco,50.1
2/12/2012,Austin,36.5
2/13/2012,New York,33.1
2/13/2012,San Francisco,49.5
2/13/2012,Austin,44.8
2/14/2012,New York,39.6
2/14/2012,San Francisco,48.6
2/14/2012,Austin,52.3
2/15/2012,New York,42.3
2/15/2012,San Francisco,49.9
2/15/2012,Austin,68
2/16/2012,New York,39.7
2/16/2012,San Francisco,52.4
2/16/2012,Austin,54.6
2/17/2012,New York,46
2/17/2012,San Francisco,49.9
2/17/2012,Austin,53.8
2/18/2012,New York,41.2
2/18/2012,San Francisco,51.6
2/18/2012,Austin,56.2
2/19/2012,New York,39.8
2/19/2012,San Francisco,47.8
2/19/2012,Austin,50.8
2/20/2012,New York,38.1
2/20/2012,San Francisco,48.7
2/20/2012,Austin,53
2/21/2012,New York,37.1
2/21/2012,San Francisco,49.7
2/21/2012,Austin,61
2/22/2012,New York,45.5
2/22/2012,San Francisco,53.4
2/22/2012,Austin,68.8
2/23/2012,New York,50.6
2/23/2012,San Francisco,54.1
2/23/2012,Austin,69.4
2/24/2012,New York,42.7
2/24/2012,San Francisco,55.9
2/24/2012,Austin,59.3
2/25/2012,New York,42.6
2/25/2012,San Francisco,51.7
2/25/2012,Austin,47.2
2/26/2012,New York,36.9
2/26/2012,San Francisco,47.7
2/26/2012,Austin,47.7
2/27/2012,New York,40.9
2/27/2012,San Francisco,45.4
2/27/2012,Austin,61.9
2/28/2012,New York,45.9
2/28/2012,San Francisco,47
2/28/2012,Austin,67.2
2/29/2012,New York,40.7
2/29/2012,San Francisco,49.8
2/29/2012,Austin,70.1
3/1/2012,New York,41.3
3/1/2012,San Francisco,48.9
3/1/2012,Austin,62.1
3/2/2012,New York,36.8
3/2/2012,San Francisco,48.1
3/2/2012,Austin,72.7
3/3/2012,New York,47.6
3/3/2012,San Francisco,50.7
3/3/2012,Austin,59
3/4/2012,New York,44.2
3/4/2012,San Francisco,55
3/4/2012,Austin,51.8
3/5/2012,New York,38.5
3/5/2012,San Francisco,48.8
3/5/2012,Austin,55
3/6/2012,New York,32.9
3/6/2012,San Francisco,48.4
3/6/2012,Austin,61.8
3/7/2012,New York,43.3
3/7/2012,San Francisco,49.9
3/7/2012,Austin,67.1
3/8/2012,New York,51.2
3/8/2012,San Francisco,49.2
3/8/2012,Austin,72
3/9/2012,New York,47.8
3/9/2012,San Francisco,51.7
3/9/2012,Austin,46.4
3/10/2012,New York,37.2
3/10/2012,San Francisco,49.3
3/10/2012,Austin,46.7
3/11/2012,New York,42.9
3/11/2012,San Francisco,50
3/11/2012,Austin,56.9
3/12/2012,New York,48.8
3/12/2012,San Francisco,48.6
3/12/2012,Austin,61.9
3/13/2012,New York,52.6
3/13/2012,San Francisco,53.9
3/13/2012,Austin,68.8
3/14/2012,New York,60.5
3/14/2012,San Francisco,55.2
3/14/2012,Austin,71.9
3/15/2012,New York,47.2
3/15/2012,San Francisco,55.9
3/15/2012,Austin,72
3/16/2012,New York,44.7
3/16/2012,San Francisco,54.6
3/16/2012,Austin,72.5
3/17/2012,New York,48.2
3/17/2012,San Francisco,48.2
3/17/2012,Austin,71.7
3/18/2012,New York,48.2
3/18/2012,San Francisco,47.1
3/18/2012,Austin,71.1
3/19/2012,New York,53.1
3/19/2012,San Francisco,45.8
3/19/2012,Austin,73
3/20/2012,New York,57.8
3/20/2012,San Francisco,49.7
3/20/2012,Austin,63.8
3/21/2012,New York,57.5
3/21/2012,San Francisco,51.4
3/21/2012,Austin,60
3/22/2012,New York,57.3
3/22/2012,San Francisco,51.4
3/22/2012,Austin,62.3
3/23/2012,New York,61.7
3/23/2012,San Francisco,48.4
3/23/2012,Austin,61.1
3/24/2012,New York,55.8
3/24/2012,San Francisco,49
3/24/2012,Austin,62
3/25/2012,New York,48.4
3/25/2012,San Francisco,46.4
3/25/2012,Austin,64.6
3/26/2012,New York,49.8
3/26/2012,San Francisco,49.7
3/26/2012,Austin,66
3/27/2012,New York,39.6
3/27/2012,San Francisco,54.1
3/27/2012,Austin,65.8
3/28/2012,New York,49.7
3/28/2012,San Francisco,54.6
3/28/2012,Austin,69.2
3/29/2012,New York,56.8
3/29/2012,San Francisco,52.3
3/29/2012,Austin,69.5
3/30/2012,New York,46.5
3/30/2012,San Francisco,54.5
3/30/2012,Austin,73.5
3/31/2012,New York,42.2
3/31/2012,San Francisco,56.2
3/31/2012,Austin,73.9
4/1/2012,New York,45.3
4/1/2012,San Francisco,51.1
4/1/2012,Austin,75.3
4/2/2012,New York,48.1
4/2/2012,San Francisco,50.5
4/2/2012,Austin,75.4
4/3/2012,New York,51.2
4/3/2012,San Francisco,52.2
4/3/2012,Austin,77.3
4/4/2012,New York,61
4/4/2012,San Francisco,50.6
4/4/2012,Austin,67
4/5/2012,New York,50.7
4/5/2012,San Francisco,47.9
4/5/2012,Austin,71.1
4/6/2012,New York,48
4/6/2012,San Francisco,47.4
4/6/2012,Austin,70.4
4/7/2012,New York,51.1
4/7/2012,San Francisco,49.4
4/7/2012,Austin,73.6
4/8/2012,New York,55.7
4/8/2012,San Francisco,50
4/8/2012,Austin,71.1
4/9/2012,New York,58.3
4/9/2012,San Francisco,51.3
4/9/2012,Austin,70
4/10/2012,New York,55
4/10/2012,San Francisco,53.8
4/10/2012,Austin,69
4/11/2012,New York,49
4/11/2012,San Francisco,52.9
4/11/2012,Austin,69.2
4/12/2012,New York,51.7
4/12/2012,San Francisco,53.9
4/12/2012,Austin,74.5
4/13/2012,New York,53.1
4/13/2012,San Francisco,50.2
4/13/2012,Austin,73.4
4/14/2012,New York,55.2
4/14/2012,San Francisco,50.9
4/14/2012,Austin,76
4/15/2012,New York,62.3
4/15/2012,San Francisco,51.5
4/15/2012,Austin,74.5
4/16/2012,New York,62.9
4/16/2012,San Francisco,51.9
4/16/2012,Austin,63.6
4/17/2012,New York,69.3
4/17/2012,San Francisco,53.2
4/17/2012,Austin,67.3
4/18/2012,New York,59
4/18/2012,San Francisco,53
4/18/2012,Austin,65.1
4/19/2012,New York,54.1
4/19/2012,San Francisco,55.1
4/19/2012,Austin,67.9
4/20/2012,New York,56.5
4/20/2012,San Francisco,55.8
4/20/2012,Austin,68.9
4/21/2012,New York,58.2
4/21/2012,San Francisco,58
4/21/2012,Austin,65.1
4/22/2012,New York,52.4
4/22/2012,San Francisco,52.8
4/22/2012,Austin,65.4
4/23/2012,New York,51.6
4/23/2012,San Francisco,55.1
4/23/2012,Austin,70.1
4/24/2012,New York,49.3
4/24/2012,San Francisco,57.9
4/24/2012,Austin,67
4/25/2012,New York,52.5
4/25/2012,San Francisco,57.5
4/25/2012,Austin,75.4
4/26/2012,New York,50.5
4/26/2012,San Francisco,55.3
4/26/2012,Austin,77.5
4/27/2012,New York,51.9
4/27/2012,San Francisco,53.5
4/27/2012,Austin,77
4/28/2012,New York,47.4
4/28/2012,San Francisco,54.7
4/28/2012,Austin,77.7
4/29/2012,New York,54.1
4/29/2012,San Francisco,54
4/29/2012,Austin,77.7
4/30/2012,New York,51.9
4/30/2012,San Francisco,53.4
4/30/2012,Austin,77.7
5/1/2012,New York,57.4
5/1/2012,San Francisco,52.7
5/1/2012,Austin,77
5/2/2012,New York,53.7
5/2/2012,San Francisco,50.7
5/2/2012,Austin,77.9
5/3/2012,New York,53.1
5/3/2012,San Francisco,52.6
5/3/2012,Austin,79.1
5/4/2012,New York,57.2
5/4/2012,San Francisco,53.4
5/4/2012,Austin,80.1
5/5/2012,New York,57
5/5/2012,San Francisco,53.1
5/5/2012,Austin,82.1
5/6/2012,New York,56.6
5/6/2012,San Francisco,56.5
5/6/2012,Austin,79
5/7/2012,New York,54.6
5/7/2012,San Francisco,55.3
5/7/2012,Austin,79.8
5/8/2012,New York,57.9
5/8/2012,San Francisco,52
5/8/2012,Austin,70
5/9/2012,New York,59.2
5/9/2012,San Francisco,52.4
5/9/2012,Austin,69.8
5/10/2012,New York,61.1
5/10/2012,San Francisco,53.4
5/10/2012,Austin,71.3
5/11/2012,New York,59.7
5/11/2012,San Francisco,53.1
5/11/2012,Austin,69.4
5/12/2012,New York,64.1
5/12/2012,San Francisco,49.9
5/12/2012,Austin,72
5/13/2012,New York,65.3
5/13/2012,San Francisco,52
5/13/2012,Austin,72.4
5/14/2012,New York,64.2
5/14/2012,San Francisco,56
5/14/2012,Austin,72.5
5/15/2012,New York,62
5/15/2012,San Francisco,53
5/15/2012,Austin,67.6
5/16/2012,New York,63.8
5/16/2012,San Francisco,51
5/16/2012,Austin,69
5/17/2012,New York,64.5
5/17/2012,San Francisco,51.4
5/17/2012,Austin,72.7
5/18/2012,New York,61
5/18/2012,San Francisco,52.2
5/18/2012,Austin,73.7
5/19/2012,New York,62.6
5/19/2012,San Francisco,52.4
5/19/2012,Austin,77.5
5/20/2012,New York,66.2
5/20/2012,San Francisco,54.5
5/20/2012,Austin,75.8
5/21/2012,New York,62.7
5/21/2012,San Francisco,52.8
5/21/2012,Austin,76.9
5/22/2012,New York,63.7
5/22/2012,San Francisco,53.9
5/22/2012,Austin,78.8
5/23/2012,New York,66.4
5/23/2012,San Francisco,56.5
5/23/2012,Austin,77.7
5/24/2012,New York,64.5
5/24/2012,San Francisco,54.7
5/24/2012,Austin,80.6
5/25/2012,New York,65.4
5/25/2012,San Francisco,52.5
5/25/2012,Austin,81.4
5/26/2012,New York,69.4
5/26/2012,San Francisco,52.1
5/26/2012,Austin,82.3
5/27/2012,New York,71.9
5/27/2012,San Francisco,52.2
5/27/2012,Austin,80.3
5/28/2012,New York,74.4
5/28/2012,San Francisco,52.9
5/28/2012,Austin,80.3
5/29/2012,New York,75.9
5/29/2012,San Francisco,52.1
5/29/2012,Austin,82.2
5/30/2012,New York,72.9
5/30/2012,San Francisco,52.1
5/30/2012,Austin,81.9
5/31/2012,New York,72.5
5/31/2012,San Francisco,53.3
5/31/2012,Austin,82.4
6/1/2012,New York,67.2
6/1/2012,San Francisco,54.8
6/1/2012,Austin,77.9
6/2/2012,New York,68.3
6/2/2012,San Francisco,54
6/2/2012,Austin,81.1
6/3/2012,New York,67.7
6/3/2012,San Francisco,52.3
6/3/2012,Austin,82.2
6/4/2012,New York,61.9
6/4/2012,San Francisco,55.3
6/4/2012,Austin,81.2
6/5/2012,New York,58.3
6/5/2012,San Francisco,53.5
6/5/2012,Austin,83
6/6/2012,New York,61.7
6/6/2012,San Francisco,54.1
6/6/2012,Austin,83.2
6/7/2012,New York,66.7
6/7/2012,San Francisco,53.9
6/7/2012,Austin,82.1
6/8/2012,New York,68.7
6/8/2012,San Francisco,54.4
6/8/2012,Austin,77.5
6/9/2012,New York,72.2
6/9/2012,San Francisco,55
6/9/2012,Austin,77.9
6/10/2012,New York,72.6
6/10/2012,San Francisco,60
6/10/2012,Austin,82.9
6/11/2012,New York,69.2
6/11/2012,San Francisco,57.2
6/11/2012,Austin,86.8
6/12/2012,New York,66.9
6/12/2012,San Francisco,55.1
6/12/2012,Austin,85.3
6/13/2012,New York,66.7
6/13/2012,San Francisco,53.3
6/13/2012,Austin,76.9
6/14/2012,New York,67.7
6/14/2012,San Francisco,53.4
6/14/2012,Austin,84.5
6/15/2012,New York,68.5
6/15/2012,San Francisco,54.6
6/15/2012,Austin,84.4
6/16/2012,New York,67.5
6/16/2012,San Francisco,57
6/16/2012,Austin,83.8
6/17/2012,New York,64.2
6/17/2012,San Francisco,55.6
6/17/2012,Austin,82.5
6/18/2012,New York,61.7
6/18/2012,San Francisco,52.5
6/18/2012,Austin,82.9
6/19/2012,New York,66.4
6/19/2012,San Francisco,53.9
6/19/2012,Austin,82.5
6/20/2012,New York,77.9
6/20/2012,San Francisco,55.3
6/20/2012,Austin,81.3
6/21/2012,New York,88.3
6/21/2012,San Francisco,53.3
6/21/2012,Austin,80.8
6/22/2012,New York,82.2
6/22/2012,San Francisco,54.1
6/22/2012,Austin,81.7
6/23/2012,New York,77
6/23/2012,San Francisco,55.2
6/23/2012,Austin,83.9
6/24/2012,New York,75.4
6/24/2012,San Francisco,55.8
6/24/2012,Austin,85.5
6/25/2012,New York,70.9
6/25/2012,San Francisco,56.8
6/25/2012,Austin,87.2
6/26/2012,New York,65.9
6/26/2012,San Francisco,57.5
6/26/2012,Austin,88
6/27/2012,New York,73.5
6/27/2012,San Francisco,57.7
6/27/2012,Austin,89.6
6/28/2012,New York,77.4
6/28/2012,San Francisco,56.6
6/28/2012,Austin,86.7
6/29/2012,New York,79.6
6/29/2012,San Francisco,56.4
6/29/2012,Austin,85.3
6/30/2012,New York,84.2
6/30/2012,San Francisco,58.4
6/30/2012,Austin,81.7
7/1/2012,New York,81.8
7/1/2012,San Francisco,58.8
7/1/2012,Austin,78.5
7/2/2012,New York,82.5
7/2/2012,San Francisco,56.4
7/2/2012,Austin,83.1
7/3/2012,New York,80.2
7/3/2012,San Francisco,56.5
7/3/2012,Austin,83.1
7/4/2012,New York,77.8
7/4/2012,San Francisco,55.8
7/4/2012,Austin,84.5
7/5/2012,New York,86.1
7/5/2012,San Francisco,54.8
7/5/2012,Austin,84.6
7/6/2012,New York,79.9
7/6/2012,San Francisco,54.9
7/6/2012,Austin,84.2
7/7/2012,New York,83.5
7/7/2012,San Francisco,54.7
7/7/2012,Austin,86.7
7/8/2012,New York,81.5
7/8/2012,San Francisco,52.8
7/8/2012,Austin,84.3
7/9/2012,New York,77.8
7/9/2012,San Francisco,53.7
7/9/2012,Austin,83.7
7/10/2012,New York,76.1
7/10/2012,San Francisco,53.1
7/10/2012,Austin,77.1
7/11/2012,New York,76.3
7/11/2012,San Francisco,52.7
7/11/2012,Austin,77.4
7/12/2012,New York,75.8
7/12/2012,San Francisco,52
7/12/2012,Austin,80.6
7/13/2012,New York,77.2
7/13/2012,San Francisco,53.4
7/13/2012,Austin,81.4
7/14/2012,New York,79.3
7/14/2012,San Francisco,54
7/14/2012,Austin,80.2
7/15/2012,New York,78.9
7/15/2012,San Francisco,54
7/15/2012,Austin,81.8
7/16/2012,New York,79.6
7/16/2012,San Francisco,54.5
7/16/2012,Austin,77.3
7/17/2012,New York,83.3
7/17/2012,San Francisco,56.7
7/17/2012,Austin,80.8
7/18/2012,New York,84.3
7/18/2012,San Francisco,57.5
7/18/2012,Austin,81.6
7/19/2012,New York,75.1
7/19/2012,San Francisco,57.1
7/19/2012,Austin,80.9
7/20/2012,New York,68.4
7/20/2012,San Francisco,58.1
7/20/2012,Austin,83.9
7/21/2012,New York,68.4
7/21/2012,San Francisco,57.6
7/21/2012,Austin,85.6
7/22/2012,New York,72.2
7/22/2012,San Francisco,56
7/22/2012,Austin,83.6
7/23/2012,New York,75.6
7/23/2012,San Francisco,56.6
7/23/2012,Austin,84
7/24/2012,New York,82.6
7/24/2012,San Francisco,57.8
7/24/2012,Austin,83
7/25/2012,New York,78.4
7/25/2012,San Francisco,57.5
7/25/2012,Austin,84.8
7/26/2012,New York,77
7/26/2012,San Francisco,56.4
7/26/2012,Austin,84.4
7/27/2012,New York,79.4
7/27/2012,San Francisco,55.3
7/27/2012,Austin,84.3
7/28/2012,New York,77.4
7/28/2012,San Francisco,55
7/28/2012,Austin,83.9
7/29/2012,New York,72.5
7/29/2012,San Francisco,55.6
7/29/2012,Austin,85
7/30/2012,New York,72.9
7/30/2012,San Francisco,55.6
7/30/2012,Austin,84.9
7/31/2012,New York,73.6
7/31/2012,San Francisco,55.9
7/31/2012,Austin,86.3
8/1/2012,New York,75
8/1/2012,San Francisco,55.4
8/1/2012,Austin,86.5
8/2/2012,New York,77.7
8/2/2012,San Francisco,54.4
8/2/2012,Austin,85.8
8/3/2012,New York,79.7
8/3/2012,San Francisco,53.7
8/3/2012,Austin,85.3
8/4/2012,New York,79.6
8/4/2012,San Francisco,54.1
8/4/2012,Austin,86
8/5/2012,New York,81.5
8/5/2012,San Francisco,57.8
8/5/2012,Austin,84.2
8/6/2012,New York,80
8/6/2012,San Francisco,58.2
8/6/2012,Austin,81.9
8/7/2012,New York,75.7
8/7/2012,San Francisco,58
8/7/2012,Austin,86.5
8/8/2012,New York,77.8
8/8/2012,San Francisco,57
8/8/2012,Austin,86.1
8/9/2012,New York,78.6
8/9/2012,San Francisco,55
8/9/2012,Austin,86.8
8/10/2012,New York,77.8
8/10/2012,San Francisco,54.8
8/10/2012,Austin,88
8/11/2012,New York,78.5
8/11/2012,San Francisco,53
8/11/2012,Austin,85.1
8/12/2012,New York,78.8
8/12/2012,San Francisco,52.5
8/12/2012,Austin,87.4
8/13/2012,New York,78.6
8/13/2012,San Francisco,53.3
8/13/2012,Austin,88
8/14/2012,New York,76.8
8/14/2012,San Francisco,53.9
8/14/2012,Austin,88
8/15/2012,New York,76.7
8/15/2012,San Francisco,56.2
8/15/2012,Austin,87.2
8/16/2012,New York,75.9
8/16/2012,San Francisco,57.1
8/16/2012,Austin,86.1
8/17/2012,New York,77.6
8/17/2012,San Francisco,55.3
8/17/2012,Austin,86.8
8/18/2012,New York,72.6
8/18/2012,San Francisco,56.2
8/18/2012,Austin,84.9
8/19/2012,New York,70.4
8/19/2012,San Francisco,54.3
8/19/2012,Austin,76.8
8/20/2012,New York,71.8
8/20/2012,San Francisco,53.1
8/20/2012,Austin,80.6
8/21/2012,New York,73.6
8/21/2012,San Francisco,53.4
8/21/2012,Austin,80
8/22/2012,New York,74.7
8/22/2012,San Francisco,54.5
8/22/2012,Austin,78.2
8/23/2012,New York,74.6
8/23/2012,San Francisco,55.7
8/23/2012,Austin,79.1
8/24/2012,New York,76
8/24/2012,San Francisco,54.8
8/24/2012,Austin,81.9
8/25/2012,New York,76.2
8/25/2012,San Francisco,53.8
8/25/2012,Austin,84.7
8/26/2012,New York,73.4
8/26/2012,San Francisco,56.5
8/26/2012,Austin,83.5
8/27/2012,New York,74.6
8/27/2012,San Francisco,58.3
8/27/2012,Austin,82.1
8/28/2012,New York,79.4
8/28/2012,San Francisco,58.7
8/28/2012,Austin,84
8/29/2012,New York,74.7
8/29/2012,San Francisco,57.5
8/29/2012,Austin,85.7
8/30/2012,New York,73.5
8/30/2012,San Francisco,55.9
8/30/2012,Austin,87.2
8/31/2012,New York,77.9
8/31/2012,San Francisco,55.4
8/31/2012,Austin,82.9
9/1/2012,New York,80.7
9/1/2012,San Francisco,55.7
9/1/2012,Austin,84.8
9/2/2012,New York,75.1
9/2/2012,San Francisco,53.1
9/2/2012,Austin,83.9
9/3/2012,New York,73.5
9/3/2012,San Francisco,53.5
9/3/2012,Austin,85.5
9/4/2012,New York,73.5
9/4/2012,San Francisco,52.5
9/4/2012,Austin,86.4
9/5/2012,New York,77.7
9/5/2012,San Francisco,54.5
9/5/2012,Austin,85.8
9/6/2012,New York,74.2
9/6/2012,San Francisco,56.3
9/6/2012,Austin,85.4
9/7/2012,New York,76
9/7/2012,San Francisco,56.4
9/7/2012,Austin,85.3
9/8/2012,New York,77.1
9/8/2012,San Francisco,56.5
9/8/2012,Austin,81.9
9/9/2012,New York,69.7
9/9/2012,San Francisco,56.4
9/9/2012,Austin,74.8
9/10/2012,New York,67.8
9/10/2012,San Francisco,55.4
9/10/2012,Austin,71.6
9/11/2012,New York,64
9/11/2012,San Francisco,56.2
9/11/2012,Austin,75.9
9/12/2012,New York,68.1
9/12/2012,San Francisco,55.7
9/12/2012,Austin,82.1
9/13/2012,New York,69.3
9/13/2012,San Francisco,54.3
9/13/2012,Austin,80.5
9/14/2012,New York,70
9/14/2012,San Francisco,55.2
9/14/2012,Austin,70
9/15/2012,New York,69.3
9/15/2012,San Francisco,54.3
9/15/2012,Austin,71.2
9/16/2012,New York,66.3
9/16/2012,San Francisco,52.9
9/16/2012,Austin,70.3
9/17/2012,New York,67
9/17/2012,San Francisco,54.8
9/17/2012,Austin,72.1
9/18/2012,New York,72.8
9/18/2012,San Francisco,54.8
9/18/2012,Austin,73.7
9/19/2012,New York,67.2
9/19/2012,San Francisco,56.8
9/19/2012,Austin,72.7
9/20/2012,New York,62.1
9/20/2012,San Francisco,55.4
9/20/2012,Austin,71.7
9/21/2012,New York,64
9/21/2012,San Francisco,55.8
9/21/2012,Austin,72.9
9/22/2012,New York,65.5
9/22/2012,San Francisco,55.9
9/22/2012,Austin,73.1
9/23/2012,New York,65.7
9/23/2012,San Francisco,52.8
9/23/2012,Austin,75.6
9/24/2012,New York,60.4
9/24/2012,San Francisco,54.5
9/24/2012,Austin,78.3
9/25/2012,New York,63.2
9/25/2012,San Francisco,53.3
9/25/2012,Austin,78.3
9/26/2012,New York,68.5
9/26/2012,San Francisco,53.6
9/26/2012,Austin,79.6
9/27/2012,New York,69.2
9/27/2012,San Francisco,52.1
9/27/2012,Austin,76.4
9/28/2012,New York,68.7
9/28/2012,San Francisco,52.6
9/28/2012,Austin,77.2
9/29/2012,New York,62.5
9/29/2012,San Francisco,53.9
9/29/2012,Austin,75.2
9/30/2012,New York,62.3
9/30/2012,San Francisco,55.1
9/30/2012,Austin,71.9
